h0,h1,h2,h3,h4,h5,h6,h7,h8,h9,h10,h11,h12
5.6725,2.872499999999999,8943.720000000001,0.13509999999999966,0.1516247584249848,0.06510000000000002,0.14490000000000047,0.16142475842498594,0.07490000000000008,1.12,1.12,1.12,1.12
5.659813834870634,2.86393455227868,8942.61326485236,0.12371113182020077,0.14405112667581932,0.06374633333151605,0.15628886817979937,0.1689983901741514,0.07625366666848404,1.12,1.12,1.12,1.12
5.674533430558457,2.86895676872593,8944.799202347016,0.12468230111521128,0.15033228480932181,0.06654973340166812,0.15531769888478886,0.16271723204064892,0.07345026659833198,1.12,1.12,1.12,1.12
5.700157558551315,2.870797864652755,8949.869549730718,0.12959940016623883,0.16008648262827507,0.07806873608519363,0.1504005998337613,0.15296303422169566,0.06193126391480647,1.12,1.12,1.12,1.12
5.654938411612924,2.84364628486097,8945.304458422399,0.11284486120069781,0.13871592936810972,0.0674754001419188,0.16715513879930233,0.174333587481861,0.0725245998580813,1.12,1.12,1.12,1.12
5.6431050658478545,2.814584006352067,8948.132368486065,0.11175543545686972,0.13929936549365363,0.08950099388790231,0.16824456454313041,0.1737501513563171,0.05049900611209779,1.12,1.12,1.12,1.12
5.602925240469927,2.771770509718071,8947.491085424374,0.08168607537219996,0.1171307810638873,0.09257564790659181,0.19831392462780018,0.19591873578608343,0.047424352093408284,1.12,1.12,1.12,1.12
5.56221241230103,2.7427188934555073,8944.213329424876,0.07709668160235872,0.09328086747790554,0.09523913049530416,0.20290331839764142,0.2197686493720652,0.04476086950469593,1.12,1.12,1.12,1.12
5.543044772249562,2.7197991902461935,8944.358308902474,0.0635181370440091,0.10421079581247006,0.09964209926956644,0.21648186295599103,0.20883872103750067,0.04035790073043366,1.12,1.12,1.12,1.12
5.519836777501205,2.696660889163381,8943.6881882612,0.06105482794536521,0.07791929424330934,0.10844469213849647,0.21894517205463493,0.2351302226066614,0.03155530786150362,1.12,1.12,1.12,1.12
5.488945160892636,2.676928422806822,8940.77201783991,0.05734386650728429,0.0738951794996272,0.10450823620513919,0.22265613349271585,0.23915433735034353,0.03549176379486091,1.12,1.12,1.12,1.12
5.501545703071392,2.6749361332385093,8943.795345930492,0.05407618249026258,0.07825174750885999,0.111993046849684,0.22592381750973756,0.23479776934111074,0.028006953150316094,1.12,1.12,1.12,1.12
5.449636919036107,2.6345408575586395,8940.211368242544,0.05454004474268148,0.06754318544890858,0.11973609265018706,0.22545995525731866,0.24550633140106215,0.020263907349813037,1.12,1.12,1.12,1.12
5.449636919036107,2.6345408575586395,8940.211368242544,0.06892551296204852,0.06124203515812865,0.1235235365301148,0.21107448703795162,0.2518074816918421,0.016476463469885294,1.12,1.12,1.12,1.12
5.397784616005798,2.5981515593657964,8935.901215626327,0.06202805768248043,0.05117606329765634,0.1219528655118253,0.2179719423175197,0.2618734535523144,0.0180471344881748,1.12,1.12,1.12,1.12
5.397784616005798,2.5981515593657964,8935.901215626327,0.07596617457303867,0.059881743799872655,0.1219528655118253,0.20403382542696147,0.2531677730500981,0.0180471344881748,1.12,1.12,1.12,1.12
5.379295465634123,2.5786037048450425,8935.560321811277,0.07594192766250918,0.053390527151732536,0.1258381514489191,0.20405807233749096,0.2596589896982382,0.014161848551080991,1.12,1.12,1.12,1.12
5.352462655122117,2.5434090270236944,8936.304876527267,0.07085722062810085,0.05229634440844144,0.13310770005693032,0.2091427793718993,0.2607531724415293,0.0068922999430697796,1.12,1.12,1.12,1.12
5.339514022917052,2.543225931887972,8933.60449877833,0.0659742403157596,0.054304838054526794,0.1255477371303709,0.21402575968424054,0.25874467879544394,0.014452262869629195,1.12,1.12,1.12,1.12
5.2999749840419215,2.5080905627728405,8931.649645360749,0.06803890290977055,0.03660117588419487,0.1301274907979549,0.2119610970902296,0.27644834096577586,0.009872509202045188,1.12,1.12,1.12,1.12
5.273609637624447,2.473363349046025,8932.396069933115,0.05752293481719151,0.024147884457796254,0.13919921256357184,0.22247706518280863,0.2889016323921745,0.0008007874364282519,1.12,1.12,1.12,1.12
5.241120932932858,2.455842016303777,8928.719183263192,0.06256679487631478,0.02058279651624617,0.13695430854835258,0.21743320512368536,0.29246672033372456,0.003045691451647514,1.12,1.12,1.12,1.12
5.221624117817473,2.438547036068393,8927.74284737169,0.06017803714392833,0.022409102496223854,0.1383398359702185,0.2198219628560718,0.2906404143537469,0.0016601640297815856,1.12,1.12,1.12,1.12
5.215106184586284,2.421465400647862,8929.467010227843,0.07424962697398796,0.017053175540540755,0.14394825073444847,0.20575037302601218,0.29599634130943,-0.0039482507344483775,1.12,1.12,1.12,1.12
5.197369774725165,2.4043422227251643,8928.828227913975,0.07314368417691897,0.018269578309477286,0.1394167384096848,0.20685631582308117,0.29477993854049345,0.0005832615903152982,1.12,1.12,1.12,1.12
5.195726235494533,2.404287286436111,8928.491141800436,0.0910104602977242,0.025406026605683474,0.13857169760009144,0.18898953970227594,0.28764349024428726,0.0014283023999086542,1.12,1.12,1.12,1.12
5.183871578007897,2.4041313027844953,8926.015993311254,0.08661871908453911,0.039065645414684935,0.13285629991291933,0.19338128091546103,0.2739838714352858,0.007143700087080762,1.12,1.12,1.12,1.12
5.178049767186437,2.3872240500664357,8927.85259925278,0.09719375579190181,0.03972201486536009,0.14336804382659704,0.18280624420809832,0.27332750198461064,-0.003368043826596945,1.12,1.12,1.12,1.12
5.164556269054379,2.387017828710977,8925.040383444399,0.10404343196344645,0.07983231412561942,0.1353043188482149,0.17595656803655368,0.2332172027243513,0.004695681151785203,1.12,1.12,1.12,1.12
5.132309462878564,2.3703291292543605,8921.25472068688,0.09189340313393213,0.07227715204201157,0.1355302174524903,0.188106596866068,0.24077236480795916,0.004469782547509793,1.12,1.12,1.12,1.12
5.16035961386214,2.3684751925930607,8927.515043528287,0.11482701300992382,0.12102257109060188,0.1468442819981121,0.16517298699007632,0.19202694575936885,-0.0068442819981119896,1.12,1.12,1.12,1.12
5.141165803549181,2.3514832171601006,8926.539919655996,0.11058551406672712,0.13329965640159536,0.1561763116878996,0.16941448593327302,0.17974986044837538,-0.016176311687899514,1.12,1.12,1.12,1.12
5.102959985804715,2.317681069175635,8924.590399122937,0.10549696748505122,0.13785072730446601,0.15946368455380058,0.17450303251494892,0.17519878954550472,-0.019463684553800487,1.12,1.12,1.12,1.12
5.083947978373209,2.3008708966241294,8923.616002462171,0.110029566206031,0.14608825550049365,0.16517987578167595,0.16997043379396914,0.16696126134947709,-0.025179875781675853,1.12,1.12,1.12,1.12
5.014808495279284,2.2511610442365164,8917.996268697401,0.1017198297130677,0.14383346005095854,0.16838871206494907,0.17828017028693244,0.1692160567990122,-0.028388712064948973,1.12,1.12,1.12,1.12
4.99655100666015,2.2345706730359463,8917.135042976905,0.10908880332953563,0.1345501757486518,0.16881393995394464,0.1709111966704645,0.17849934110131893,-0.028813939953944545,1.12,1.12,1.12,1.12
4.9514141196807016,2.2023370387812107,8913.415158429985,0.11332050659023274,0.1276836709831053,0.16815171292854583,0.1666794934097674,0.18536584586686544,-0.028151712928545736,1.12,1.12,1.12,1.12
4.9143043720988056,2.169630960959316,8911.470022177578,0.10414856456552457,0.12363148696839166,0.17415166736258195,0.17585143543447557,0.18941802988157908,-0.03415166736258185,1.12,1.12,1.12,1.12
4.884167658612125,2.1553746556151174,8907.669468225624,0.11999574326133611,0.12531552064152596,0.16693763201068632,0.16000425673866403,0.18773399620844478,-0.02693763201068622,1.12,1.12,1.12,1.12
4.818627533859868,2.1093858817569613,8902.09427778725,0.11285499289149525,0.1070177117975637,0.16878810350449738,0.16714500710850488,0.20603180505240704,-0.028788103504497287,1.12,1.12,1.12,1.12
4.790639995440137,2.0962813809711367,8898.533744225222,0.11939635727629017,0.1089759991753243,0.16614141442478583,0.16060364272370997,0.20407351767464643,-0.026141414424785736,1.12,1.12,1.12,1.12
4.754350462328902,2.064395517619901,8896.591888830697,0.1189184352800432,0.11443743092157121,0.1697397105463759,0.16108156471995694,0.19861208592839952,-0.029739710546375808,1.12,1.12,1.12,1.12
4.707427624653237,2.036877457556082,8891.609573628031,0.11224443759412206,0.10551995442817419,0.16089181945064315,0.16775556240587808,0.20752956242179654,-0.020891819450643057,1.12,1.12,1.12,1.12
4.657599222625572,2.0064274416909167,8886.532004968083,0.11148344624655693,0.10564400765750648,0.15847024962689774,0.1685165537534432,0.20740550919246425,-0.01847024962689764,1.12,1.12,1.12,1.12
4.631552967385238,1.9945755432426777,8883.145571605219,0.12449131986831796,0.12004360790320856,0.15482811785017,0.15550868013168218,0.19300590894676217,-0.014828117850169908,1.12,1.12,1.12,1.12
4.594051780368808,1.9645406239517222,8880.592317710943,0.12983258853763902,0.14051993226376158,0.15687549329271952,0.15016741146236112,0.17252958458620915,-0.016875493292719423,1.12,1.12,1.12,1.12
4.5450796236992685,1.934524218116708,8875.599892665003,0.12961993277818773,0.1516744369172347,0.15165794677660074,0.1503800672218124,0.16137507993273603,-0.011657946776600647,1.12,1.12,1.12,1.12
4.508063008067027,1.9049738702099415,8873.048707663896,0.1459463112234788,0.15045488353872893,0.1525411561161136,0.13405368877652135,0.1625946333112418,-0.012541156116113505,1.12,1.12,1.12,1.12
4.43275627015479,1.8658462902624076,8864.088462038344,0.14816263664675178,0.16176779943340258,0.14103200032002186,0.13183736335324836,0.15128171741656815,-0.0010320003200217642,1.12,1.12,1.12,1.12
4.3848730270350345,1.836542723675035,8859.172436936758,0.14782141112991998,0.14494834725737138,0.13866525241894936,0.13217858887008016,0.16810116959259935,0.0013347475810507325,1.12,1.12,1.12,1.12
4.3181760138511835,1.7940658941711831,8852.606888526372,0.15981253435935494,0.16241102864658563,0.13150112212785678,0.1201874656406452,0.1506384882033851,0.008498877872143318,1.12,1.12,1.12,1.12
4.26543391580373,1.7513679730313483,8849.024522344458,0.14938022966419362,0.15060445838173586,0.13737026265236116,0.13061977033580652,0.16244505846823487,0.0026297373476389385,1.12,1.12,1.12,1.12
4.226453375327442,1.7436717460568956,8842.121349502342,0.15151237749527524,0.1401606718624866,0.12595677742067227,0.1284876225047249,0.17288884498748414,0.01404322257932783,1.12,1.12,1.12,1.12
4.1611523981962915,1.7025909526057446,8835.563480665647,0.1391165428327802,0.14016067186248526,0.12642702814838877,0.14088345716721995,0.17288884498748547,0.013572971851611326,1.12,1.12,1.12,1.12
4.119606537544182,1.6715956411717976,8832.244783289376,0.13750658427558704,0.13149406422980903,0.12455810149192345,0.1424934157244131,0.1815554526201617,0.015441898508076646,1.12,1.12,1.12,1.12
4.062858087314891,1.627108400337806,8828.077454247059,0.13558643078470423,0.14123988976009283,0.11831686574053943,0.1444135692152959,0.1718096270898779,0.021683134259460668,1.12,1.12,1.12,1.12
3.999185918904968,1.5876564156078836,8821.527276938827,0.12498399624011336,0.12216821331886485,0.1163179945172084,0.15501600375988678,0.19088130353110588,0.0236820054827917,1.12,1.12,1.12,1.12
3.944407303132859,1.5446828262757062,8817.472611073963,0.12280318936699597,0.12481060086815954,0.12125782188781073,0.15719681063300417,0.1882389159818112,0.018742178112189367,1.12,1.12,1.12,1.12
3.883755865916425,1.5056116101017696,8811.460169315958,0.11160966882739232,0.1161601785420503,0.12081372835880302,0.16839033117260782,0.19688933830792044,0.019186271641197072,1.12,1.12,1.12,1.12
3.8293257467440944,1.4851923616415355,8803.46906683914,0.12217529845886876,0.11625812362108134,0.10940455270690805,0.15782470154113137,0.1967913932288894,0.03059544729309205,1.12,1.12,1.12,1.12
3.8001036798856314,1.4536349764566319,8802.799630950443,0.12997738884220011,0.12665393136627956,0.12232107514217541,0.15002261115780002,0.18639558548369117,0.017678924857824685,1.12,1.12,1.12,1.12
3.7453475553174758,1.4178455017428195,8797.421020041053,0.13212807686711125,0.1263421524718551,0.11835661503635239,0.14787192313288888,0.18670736437811564,0.021643384963647705,1.12,1.12,1.12,1.12
3.7087124234258395,1.3908675734368396,8794.344353214083,0.14015088328636438,0.13414405608845925,0.12232107514217519,0.13984911671363576,0.17890546076151148,0.017678924857824907,1.12,1.12,1.12,1.12
3.693628005374704,1.3779849902657044,8793.385666910837,0.1511619288041316,0.13658254084817467,0.12637622346710117,0.12883807119586854,0.17646697600179606,0.013623776532898924,1.12,1.12,1.12,1.12
3.633738806147849,1.3423159747188504,8786.853821877014,0.1622191173050892,0.14838687300547648,0.11511768369977868,0.11778088269491094,0.16466264384449425,0.02488231630022142,1.12,1.12,1.12,1.12
3.5908583776487943,1.3040322035995988,8784.388928536328,0.16213759427168595,0.1383042056668773,0.12709823338147389,0.11786240572831419,0.17474531118309344,0.012901766618526211,1.12,1.12,1.12,1.12
3.540054835054696,1.266776489191789,8780.033648558647,0.16073897675154003,0.1409358602484485,0.13093219894969024,0.11926102324846011,0.17211365660152222,0.009067801050309854,1.12,1.12,1.12,1.12
3.4979934913830726,1.229779964160448,8777.480064836333,0.14965088019560435,0.12693890608230118,0.1376922057646274,0.13034911980439579,0.18611061076766955,0.0023077942353726955,1.12,1.12,1.12,1.12
3.439209478637149,1.1967568210942425,8770.643854173475,0.1376170576243828,0.11661784765356242,0.13093219894969024,0.14238294237561733,0.1964316691964083,0.009067801050309854,1.12,1.12,1.12,1.12
3.4219001896154477,1.1698600539674189,8771.597386314446,0.14856507838754662,0.12049727353818418,0.14178539207223503,0.13143492161245351,0.19255224331178655,-0.001785392072234937,1.12,1.12,1.12,1.12
3.3644003286849937,1.1376256783279868,8764.864975823904,0.13650389511426952,0.09957358767916324,0.14140705781015014,0.1434961048857306,0.2134759291708075,-0.0014070578101500475,1.12,1.12,1.12,1.12
3.3231802669182438,1.1030111212012366,8762.005049683718,0.13652053808094655,0.0995735876791628,0.15183180139013439,0.14347946191905359,0.21347592917080793,-0.011831801390134289,1.12,1.12,1.12,1.12
3.296003230542835,1.0802377545858277,8760.099644276135,0.136520538080947,0.09957358767916324,0.14678931317826646,0.14347946191905314,0.2134759291708075,-0.006789313178266365,1.12,1.12,1.12,1.12
3.266709400040961,1.0438708554614724,8760.058268694867,0.1257205571031128,0.10364565253295344,0.15486889725099887,0.15427944289688733,0.2094038643170173,-0.01486889725099877,1.12,1.12,1.12,1.12
3.2432033757110665,1.0351999376630372,8756.506236415456,0.13744362989225867,0.11044715284998818,0.15628194691822414,0.14255637010774147,0.20260236399998255,-0.016281946918224044,1.12,1.12,1.12,1.12
3.201079833978666,1.0161400463416586,8750.734450644006,0.1472881582775224,0.11963562175880327,0.14843188732438758,0.13271184172247774,0.19341389509116746,-0.008431887324387488,1.12,1.12,1.12,1.12
3.174872412971013,0.9943362950940058,8748.832923697895,0.15833975030440361,0.13070262257262755,0.155606716573131,0.12166024969559652,0.18234689427734319,-0.015606716573130897,1.12,1.12,1.12,1.12
3.1489073958053004,0.972774947688293,8746.932366367153,0.15941919339031652,0.15647704564548492,0.1506588236761229,0.12058080660968362,0.1565724712044858,-0.010658823676122808,1.12,1.12,1.12,1.12
3.123184782481527,0.951456004124519,8745.032778651777,0.17058237185997183,0.16741862040322242,0.15770939236446638,0.10941762814002831,0.14563089644674831,-0.01770939236446628,1.12,1.12,1.12,1.12
3.0750178729878583,0.9228404455249523,8739.53791126293,0.15948205348466116,0.15689669074125123,0.1480699259520514,0.12051794651533898,0.1561528261087195,-0.008069925952051304,1.12,1.12,1.12,1.12
3.051068151015519,0.9017537073128943,8737.95492887221,0.1607155997351427,0.17184658350055027,0.15108715114220847,0.11928440026485743,0.14120293334942047,-0.011087151142208373,1.12,1.12,1.12,1.12
3.013835635107524,0.8711266960448993,8735.110952915456,0.14965088019560435,0.15514485250115162,0.1507590602921505,0.13034911980439579,0.1579046643488191,-0.010759060292150402,1.12,1.12,1.12,1.12
2.9612273087384127,0.844279239355507,8728.301820418928,0.13761705762438303,0.14170660805831647,0.15051836446318093,0.1423829423756171,0.17134290879165426,-0.01051836446318083,1.12,1.12,1.12,1.12
2.927585036825193,0.8277218399561933,8723.831517594748,0.13804737295861547,0.1460983334484205,0.1409471424752234,0.14195262704138467,0.16695118340155024,-0.0009471424752233171,1.12,1.12,1.12,1.12
2.8771495874339683,0.8015065742449685,8717.341850829423,0.12613607467818633,0.12974484777165385,0.1346939840737804,0.1538639253218138,0.18330466907831688,0.005306015926219709,1.12,1.12,1.12,1.12
2.841895491760555,0.7728579832115554,8714.50578855361,0.12593268756417086,0.1243746341512939,0.1411095261245157,0.15406731243582927,0.18867488269867683,-0.0011095261245155918,1.12,1.12,1.12,1.12
2.818695766114037,0.7540619273250379,8712.616292388944,0.1259326875641713,0.11687194764082331,0.1411095261245157,0.15406731243582883,0.19617756920914742,-0.0011095261245155918,1.12,1.12,1.12,1.12
2.769775340734933,0.7293616856259332,8706.13341293119,0.12466501890118087,0.12201656135829109,0.130522239998248,0.15533498109881927,0.19103295549167965,0.0094777600017521,1.12,1.12,1.12,1.12
2.747181624693263,0.7111716393442638,8704.246340804944,0.12466501890118131,0.12201656135829109,0.130522239998248,0.15533498109881883,0.19103295549167965,0.0094777600017521,1.12,1.12,1.12,1.12
2.7152291229330254,0.6838157949638296,8701.824566533218,0.13484384944992178,0.13352064913898465,0.13124440800804035,0.14515615055007836,0.17952886771098608,0.008755591991959744,1.12,1.12,1.12,1.12
2.675815806910264,0.6579503071273578,8697.516797812877,0.13423656076069002,0.13580377901119545,0.1290302285717457,0.14576343923931012,0.17724573783877529,0.010969771428254393,1.12,1.12,1.12,1.12
2.6553785316576293,0.6403760156350042,8695.947606827378,0.1445462039232065,0.1470696776229965,0.1336009785668282,0.13545379607679364,0.16597983922697424,0.006399021433171892,1.12,1.12,1.12,1.12
2.607743871259073,0.6185022249161668,8689.161536222491,0.14389964707955472,0.14881294061471384,0.12701554557603542,0.13610035292044542,0.1642365762352569,0.012984454423964675,1.12,1.12,1.12,1.12
2.6071873212576655,0.6072016635406577,8690.865407702075,0.15459405966083184,0.16322963126453827,0.13147418581040607,0.1254059403391683,0.14981988558543247,0.008525814189594028,1.12,1.12,1.12,1.12
2.5671491067778787,0.5851741139552538,8685.714953422583,0.154259971687012,0.16576625008623336,0.13170291712753165,0.12574002831298814,0.14728326676373737,0.008297082872468442,1.12,1.12,1.12,1.12
2.5461115592736814,0.5582916092256519,8685.441937352303,0.16504554039776365,0.1654821836675482,0.14260169820100146,0.11495445960223649,0.14756733318242254,-0.002601698201001368,1.12,1.12,1.12,1.12
2.5006777326038176,0.5381232678468095,8678.76318667762,0.1533120696514637,0.14862240504242852,0.13595834286371608,0.12668793034853643,0.16442711180754221,0.004041657136284016,1.12,1.12,1.12,1.12
2.471093055250151,0.5151440951331427,8675.949802075083,0.14280046290259796,0.13768012883993075,0.1356379961056511,0.13719953709740218,0.17536938801003998,0.004362003894348987,1.12,1.12,1.12,1.12
2.442873459651199,0.492484702563169,8673.35275868424,0.14309780568521335,0.1342483048547518,0.13601232082367723,0.13690219431478678,0.17880121199521892,0.003987679176322867,1.12,1.12,1.12,1.12
2.3991374227097233,0.4740141509127156,8666.681569979728,0.13119210091112354,0.11761571624658829,0.14018246187989045,0.1488078990888766,0.19543380060338245,-0.0001824618798903499,1.12,1.12,1.12,1.12
2.3612042343035036,0.4556323134005973,8661.231428041207,0.1201847859550571,0.10001810711904002,0.13132322135991978,0.15981521404494303,0.2130314097309307,0.008676778640080318,1.12,1.12,1.12,1.12
2.333787095771661,0.4348206795087547,8658.426713593957,0.12032758624369799,0.09570522341125476,0.13100520854588313,0.15967241375630215,0.21734429343871597,0.008994791454116968,1.12,1.12,1.12,1.12
2.32663954184593,0.4180856474778999,8659.415626692891,0.13085002057628603,0.10318935458471112,0.1359219175215822,0.1491499794237141,0.2098601622652596,0.004078082478417899,1.12,1.12,1.12,1.12
2.293735048785736,0.4082448048287288,8653.686883606202,0.1413474306244561,0.10836113740083442,0.12519816192135838,0.13865256937554404,0.20468837944913632,0.014801838078641716,1.12,1.12,1.12,1.12
2.2762541660878965,0.395167591890889,8651.820262813331,0.15241015443646855,0.11363576194370584,0.13583826107616467,0.1275898455635316,0.1994137549062649,0.004161738923835423,1.12,1.12,1.12,1.12
2.26088782236492,0.37325746615651234,8651.722163802197,0.16339866560952931,0.13530452229704504,0.1402241925195545,0.11660133439047082,0.1777449945529257,-0.00022419251955441144,1.12,1.12,1.12,1.12
2.2440186461120044,0.3607919596635968,8649.857989835105,0.15224120313846068,0.1353045222970446,0.1402241925195545,0.12775879686153946,0.17774499455292614,-0.00022419251955441144,1.12,1.12,1.12,1.12
2.246434673594963,0.35212272479496354,8651.670268909826,0.16364051481398822,0.1502031497499836,0.1449890823738463,0.11635948518601191,0.16284636709998712,-0.00498908237384621,1.12,1.12,1.12,1.12
2.221770082545536,0.33406363838553654,8648.876564652508,0.17545140141113624,0.15601065905760403,0.15610879451784046,0.1045485985888639,0.1570388577923667,-0.016108794517840364,1.12,1.12,1.12,1.12
2.187309906009119,0.3189667771096296,8643.45002596608,0.16396618448647182,0.15235743374718735,0.14672333835783377,0.11603381551352832,0.16069208310278338,-0.006723338357833675,1.12,1.12,1.12,1.12
2.189732374593088,0.31083326995308824,8645.155019296539,0.1754514014111367,0.16004305569743638,0.15136990091440336,0.10454859858886345,0.15300646115253436,-0.011369900914403264,1.12,1.12,1.12,1.12
2.14831888948465,0.29098493498516087,8638.802318744782,0.1639737148954491,0.1548848208588962,0.14252201597657363,0.11602628510455104,0.15816469599107452,-0.002522015976573533,1.12,1.12,1.12,1.12
2.1331466895982563,0.280216404858767,8636.944932683156,0.15285331327946372,0.14000256987814086,0.14901575435449846,0.12714668672053642,0.17304694697182987,-0.009015754354498362,1.12,1.12,1.12,1.12
2.103104232723033,0.2595105741146252,8633.12405682283,0.14178893797952974,0.13610262927242167,0.14865958285949962,0.1382110620204704,0.17694688757754906,-0.008659582859499526,1.12,1.12,1.12,1.12
2.081527427413476,0.24453927344506834,8630.342703708471,0.11959642318050479,0.13255959364968062,0.14865958285949962,0.16040357681949535,0.18048992320029011,-0.008659582859499526,1.12,1.12,1.12,1.12
2.0674458953428614,0.2348614111344541,8628.48968031811,0.11909768704977208,0.1251026005294773,0.14865958285949962,0.16090231295022805,0.18794691632049343,-0.008659582859499526,1.12,1.12,1.12,1.12
2.040435983983965,0.21612955268447584,8624.895557657179,0.1074831209035143,0.11430942730717675,0.1509080167203625,0.17251687909648583,0.19874008954279399,-0.010908016720362401,1.12,1.12,1.12,1.12
2.026655722182655,0.2072822472542474,8622.936427839228,0.11909768704977208,0.11984584827976708,0.15074661940970055,0.16090231295022805,0.19320366857020366,-0.010746619409700453,1.12,1.12,1.12,1.12
2.003876873685547,0.2010110535575172,8618.600996611489,0.13015314504928877,0.1277060255421978,0.1420314167803909,0.14984685495071137,0.18534349130777295,-0.0020314167803908156,1.12,1.12,1.12,1.12
1.9910022574237307,0.19254010705570085,8616.752800884362,0.1416270339462279,0.14398399808252949,0.14219407872536946,0.13837296605377225,0.16906551876744125,-0.002194078725369364,1.12,1.12,1.12,1.12
1.9884737227482017,0.18178197048871272,8617.500919563916,0.14153922277766073,0.1473092893265897,0.14675358847075223,0.1384607772223394,0.16574022752338102,-0.0067535884707521365,1.12,1.12,1.12,1.12
1.9659802364259154,0.17632542557788553,8613.059318276211,0.16289325689045897,0.15510778044689255,0.14219407872536946,0.11710674310954117,0.15794173640307818,-0.002194078725369364,1.12,1.12,1.12,1.12
1.9538328316899167,0.16858169060188674,8611.214031395186,0.16221296328986912,0.16629216377174116,0.14234833293052715,0.11778703671013102,0.14675735307822957,-0.002348332930527053,1.12,1.12,1.12,1.12
1.9049705273044863,0.16013255264157983,8601.023250339447,0.16255197287853884,0.1578502106633648,0.13078313020013918,0.1174480271214613,0.15519930618660593,0.009216869799860916,1.12,1.12,1.12,1.12
1.9051824978070053,0.15560403447780935,8601.57942604565,0.17483097888979537,0.17206383331267383,0.13333306390428792,0.10516902111020476,0.1409856835372969,0.006666936095712173,1.12,1.12,1.12,1.12
1.8780991271896548,0.15254785992065478,8595.685948391558,0.17475821796400892,0.17787370767816424,0.1266706820901584,0.10524178203599122,0.1351758091718065,0.01332931790984171,1.12,1.12,1.12,1.12
1.8662942786664,0.14209498221174457,8594.074247090266,0.17692700814108997,0.16951243848954878,0.12392833895511016,0.10307299185891017,0.14353707836042195,0.01607166104488994,1.12,1.12,1.12,1.12
1.835298838582161,0.14251730604977844,8586.834759958796,0.18058814640110799,0.17405839704762127,0.1191897980956684,0.09941185359889215,0.13899111980234946,0.020810201904331693,1.12,1.12,1.12,1.12
1.8053818533282473,0.1437497071670358,8579.728173926089,0.18681114161874157,0.1726768499902751,0.10805063298921422,0.09318885838125857,0.14037266685969563,0.03194936701078588,1.12,1.12,1.12,1.12
1.7719424329765836,0.14264690228236887,8571.987696489916,0.19432010153112234,0.17343676043592815,0.09965361534401998,0.0856798984688778,0.13961275641404258,0.040346384655980116,1.12,1.12,1.12,1.12
1.7266226600493095,0.1517072054663358,8560.388728353077,0.1964549029558239,0.16996241418578872,0.08366434614874937,0.08354509704417623,0.143087102664182,0.05633565385125072,1.12,1.12,1.12,1.12
1.7267219237266214,0.1460411906551814,8560.960567661421,0.20387592503570817,0.17991672734552022,0.09143395071938329,0.07612407496429197,0.1331327895044505,0.04856604928061681,1.12,1.12,1.12,1.12
1.7267219237266214,0.1460411906551814,8560.960567661421,0.23700340732708602,0.21489631207413828,0.09481248503893916,0.04299659267291411,0.09815320477583245,0.04518751496106094,1.12,1.12,1.12,1.12
1.7267219237266214,0.1460411906551814,8560.960567661421,0.2485856562881571,0.23851904002897428,0.09962895774529293,0.03141434371184304,0.07453047682099645,0.04037104225470717,1.12,1.12,1.12,1.12
1.7267219237266214,0.1460411906551814,8560.960567661421,0.2705345049065585,0.2779322659785559,0.11228091305955037,0.009465495093441634,0.03511725087141482,0.027719086940449722,1.12,1.12,1.12,1.12
1.7267219237266214,0.1460411906551814,8560.960567661421,0.28300860839658937,0.3026869142261084,0.11491570060828818,-0.0030086083965892296,0.01036260262386235,0.025084299391711917,1.12,1.12,1.12,1.12
1.7267219237266214,0.1460411906551814,8560.960567661421,0.2958754556493365,0.3234586187606363,0.11722858552980545,-0.015875455649336345,-0.010409101910665575,0.02277141447019465,1.12,1.12,1.12,1.12
1.7267219237266214,0.1460411906551814,8560.960567661421,0.2958754556493365,0.3482768318931033,0.13224430208985213,-0.015875455649336345,-0.03522731504313259,0.007755697910147963,1.12,1.12,1.12,1.12
1.7267219237266214,0.1460411906551814,8560.960567661421,0.2970028681686475,0.36077683990006437,0.13571348785443213,-0.017002868168647378,-0.04772732305009364,0.004286512145567967,1.12,1.12,1.12,1.12
1.7267219237266214,0.1460411906551814,8560.960567661421,0.2970028681686475,0.36077683990006437,0.14737168469873915,-0.017002868168647378,-0.04772732305009364,-0.007371684698739056,1.12,1.12,1.12,1.12
1.7267219237266214,0.1460411906551814,8560.960567661421,0.29751676108398495,0.3693051729306691,0.15144688006816717,-0.01751676108398481,-0.05625565608069838,-0.011446880068167076,1.12,1.12,1.12,1.12
1.7267219237266214,0.1460411906551814,8560.960567661421,0.29751676108398495,0.3693051729306691,0.1618249912338203,-0.01751676108398481,-0.05625565608069838,-0.0218249912338202,1.12,1.12,1.12,1.12
1.2616807947977586,0.21824777244631818,8437.48744694503,0.021977297197931622,-0.05647785724799603,-0.018372659591564283,0.2580227028020685,0.36952737409796677,0.15837265959156438,1.12,1.12,1.12,1.12
1.2616807947977586,0.21824777244631818,8437.48744694503,0.021977297197931622,-0.05647785724799603,-0.021701026574383497,0.2580227028020685,0.36952737409796677,0.1617010265743836,1.12,1.12,1.12,1.12
1.2616807947977586,0.21824777244631818,8437.48744694503,0.021977297197931622,-0.05702220181860729,-0.021701026574383497,0.2580227028020685,0.370071718668578,0.1617010265743836,1.12,1.12,1.12,1.12
1.2616807947977586,0.21824777244631818,8437.48744694503,0.031720978777704745,-0.06016831084854224,-0.02107962814132211,0.2482790212222954,0.37321782769851297,0.1610796281413222,1.12,1.12,1.12,1.12
1.2616807947977586,0.21824777244631818,8437.48744694503,0.05230578722532242,-0.040994184362977304,-0.01352843277299734,0.22769421277467772,0.35404370121294804,0.15352843277299744,1.12,1.12,1.12,1.12
1.0907811757589458,0.2807426506875058,8385.11977653038,0.022342049135051223,-0.13306198991917784,-0.059974278777608636,0.2576579508649489,0.44611150676914857,0.19997427877760873,1.12,1.12,1.12,1.12
1.0503353599581737,0.3133325507132455,8372.246259531465,0.12256787415527448,-0.05127910920107559,-0.06697596002432005,0.15743212584472566,0.3643286260510463,0.20697596002432014,1.12,1.12,1.12,1.12
1.0907811757589458,0.2807426506875058,8385.11977653038,0.10431830653462781,-0.050378746372942595,-0.042851348623610785,0.17568169346537232,0.36342826322291333,0.18285134862361088,1.12,1.12,1.12,1.12
1.0907811757589458,0.2807426506875058,8385.11977653038,0.14939181620279796,-0.007204521847277157,-0.030460293852803216,0.13060818379720218,0.3202540386972479,0.1704602938528033,1.12,1.12,1.12,1.12
1.0907811757589458,0.2807426506875058,8385.11977653038,0.1827670112223333,0.03423120003500291,-0.021310963043008918,0.09723298877766684,0.2788183168149678,0.16131096304300901,1.12,1.12,1.12,1.12
1.0907811757589458,0.2807426506875058,8385.11977653038,0.21490351901144578,0.06090738049944999,-0.009553053297349456,0.06509648098855436,0.25214213635052074,0.14955305329734955,1.12,1.12,1.12,1.12
1.0907811757589458,0.2807426506875058,8385.11977653038,0.26246227951577084,0.12110049657917576,0.010949737166499024,0.017537720484229302,0.19194902027079497,0.12905026283350107,1.12,1.12,1.12,1.12
1.0907811757589458,0.2807426506875058,8385.11977653038,0.2967028454941051,0.14062070064018983,0.02519322809157365,-0.016702845494104945,0.1724288162097809,0.11480677190842645,1.12,1.12,1.12,1.12
1.0907811757589458,0.2807426506875058,8385.11977653038,0.30917331071978993,0.18039570452845122,0.04390063454065396,-0.02917331071978979,0.13265381232151952,0.09609936545934614,1.12,1.12,1.12,1.12
1.0907811757589458,0.2807426506875058,8385.11977653038,0.32076348300060176,0.19308774878607782,0.06363400066076391,-0.04076348300060162,0.11996176806389292,0.07636599933923618,1.12,1.12,1.12,1.12
1.0907811757589458,0.2807426506875058,8385.11977653038,0.33307171220697873,0.21565716576450433,0.08323868376680713,-0.053071712206978594,0.0973923510854664,0.05676131623319297,1.12,1.12,1.12,1.12
1.0907811757589458,0.2807426506875058,8385.11977653038,0.33307171220697873,0.23293298526771355,0.1038871925071326,-0.053071712206978594,0.08011653158225718,0.036112807492867494,1.12,1.12,1.12,1.12
1.013277166711724,0.317734055400284,8359.905342578379,0.30585009171301325,0.18664083430564404,0.08233561598370012,-0.025850091713013112,0.1264086825443267,0.057664384016299974,1.12,1.12,1.12,1.12
0.9865893671500796,0.3306792836786395,8350.904037346374,0.2899223964852248,0.17051330245295704,0.08362784645484514,-0.009922396485224638,0.1425362143970137,0.05637215354515496,1.12,1.12,1.12,1.12
0.971208260544342,0.33731652587290184,8345.49797808932,0.27092030427057046,0.15712600943810062,0.09356542950678978,0.009079695729429682,0.1559235074118701,0.046434570493210314,1.12,1.12,1.12,1.12
0.903929868110797,0.375079228197421,8321.790930350495,0.23495212649392283,0.10458372330653276,0.06593636247642812,0.04504787350607731,0.20846579354343797,0.07406363752357198,1.12,1.12,1.12,1.12
0.8916155202459382,0.381026538854498,8316.721064110548,0.20560580142204554,0.09346682429687969,0.07652406505755924,0.0743941985779546,0.21958269255309104,0.06347593494244086,1.12,1.12,1.12,1.12
0.8427710105142688,0.4135583771340967,8298.741176195663,0.18947153033755237,0.07735453814638449,0.05810742160763238,0.09052846966244776,0.23569497870358624,0.08189257839236772,1.12,1.12,1.12,1.12
0.8138589068749071,0.4340339102714359,8287.509744636483,0.17402884371789795,0.06894821701540876,0.052681598422713416,0.10597115628210219,0.24410129983456197,0.08731840157728668,1.12,1.12,1.12,1.12
0.8005712013536858,0.4438965810488573,8281.922116568565,0.16756491024031617,0.08003823397173426,0.059291426152086046,0.11243508975968397,0.23301128287823647,0.08070857384791405,1.12,1.12,1.12,1.12
0.7750279351185614,0.46375925725148226,8271.936072688348,0.17291923413948596,0.1060407442785467,0.059727293435002354,0.10708076586051418,0.20700877257142403,0.08027270656499774,1.12,1.12,1.12,1.12
0.7596510576358442,0.47635263078515366,8265.50738793957,0.17260946473467864,0.1203844786338375,0.07158612818815432,0.1073905352653215,0.19266503821613323,0.06841387181184577,1.12,1.12,1.12,1.12
0.7416177916900595,0.4920004904629801,8257.605111542427,0.1793405561294913,0.13822210679038993,0.07097371849592507,0.10065944387050885,0.1748274100595808,0.06902628150407503,1.12,1.12,1.12,1.12
0.7234107069367023,0.5078773945638596,8250.117128545286,0.19366331047035257,0.15931262551110592,0.07996501624885469,0.08633668952964757,0.1537368913388648,0.06003498375114541,1.12,1.12,1.12,1.12
0.7028497964919358,0.5269495119590929,8241.175123444891,0.20806319851696686,0.16938636490841374,0.08051651897192338,0.07193680148303327,0.143663151941557,0.05948348102807671,1.12,1.12,1.12,1.12
0.6827736937310473,0.5465064370382047,8232.23796642134,0.2283377728640733,0.191762857675426,0.08698770356087185,0.05166222713592683,0.12128665917454473,0.05301229643912825,1.12,1.12,1.12,1.12
0.6631823986540377,0.5665481698011947,8223.305657474624,0.2386626948814291,0.20156728235369115,0.08333205423656478,0.04133730511857103,0.11148223449627959,0.05666794576343531,1.12,1.12,1.12,1.12
0.6437736602843818,0.588974294151539,8213.478638969804,0.24617565506717576,0.18891466928167544,0.08226209141960036,0.03382434493282438,0.12413484756829529,0.05773790858039973,1.12,1.12,1.12,1.12
0.6701457971010527,0.5690981033896125,8221.761349243447,0.22522370963331062,0.18515145466250926,0.10074939666684982,0.05477629036668952,0.12789806218746147,0.03925060333315028,1.12,1.12,1.12,1.12
0.5877532902289239,0.6552002117218447,8186.172339335624,0.2577050970142257,0.1826303283769084,0.07391233506631209,0.022294902985774412,0.13041918847306233,0.066087664933688,1.12,1.12,1.12,1.12
0.5793333007291205,0.6687985710220413,8180.820409906994,0.2576478523908675,0.16136513500545324,0.07175821846925476,0.022352147609132622,0.1516843818445175,0.06824178153074534,1.12,1.12,1.12,1.12
0.554483370097155,0.7033981821500759,8167.465670934852,0.2641691179501172,0.1419194949919702,0.0621011337148806,0.01583088204988292,0.17113002185800053,0.0778988662851195,1.12,1.12,1.12,1.12
0.5390526905568773,0.7298023653297981,8157.6723428102005,0.25827466458566206,0.1206099106384364,0.05680362217504428,0.021725335414338076,0.19243960621153433,0.08319637782495581,1.12,1.12,1.12,1.12
0.5200851181579357,0.7633793925944644,8145.556621550399,0.24414480490559465,0.09634344580400023,0.054266435801233776,0.03585519509440549,0.2167060710459705,0.08573356419876632,1.12,1.12,1.12,1.12
0.5054503138410668,0.7883776161175955,8136.67145880335,0.25791255183229167,0.0986253710378,0.05020156017610128,0.022087448167708468,0.21442414581217073,0.08979843982389882,1.12,1.12,1.12,1.12
0.5036529405477131,0.804894050394337,8131.4945357095585,0.2369645807592614,0.09664000293107988,0.05610138728714956,0.043035419240738726,0.21640951391889085,0.08389861271285054,1.12,1.12,1.12,1.12
0.49303985021349384,0.8240565957235808,8124.885887074331,0.23769621176671596,0.11823934556307947,0.05624857949589099,0.04230378823328418,0.19481017128689126,0.08375142050410911,1.12,1.12,1.12,1.12
0.48757728836218595,0.8406123826722727,8119.555028158812,0.23199320260037448,0.13186087819304504,0.06828381462421249,0.048006797399625656,0.1811886386569257,0.07171618537578761,1.12,1.12,1.12,1.12
0.47461696054489577,0.8672850826949825,8110.684048407977,0.2321487656883331,0.16041788596086026,0.06954136001468333,0.047851234311667046,0.15263163088911047,0.07045863998531676,1.12,1.12,1.12,1.12
0.4698210092589208,0.8845074802090076,8105.358037569297,0.23017296876771687,0.18654558821035705,0.07587320840338999,0.04982703123228327,0.12650392863961368,0.06412679159661011,1.12,1.12,1.12,1.12
0.46086185165053617,0.9094326517875629,8097.5340237739265,0.22558564481576437,0.1983141037254894,0.08046118333884347,0.05441435518423576,0.11473541312448132,0.059538816661156624,1.12,1.12,1.12,1.12
0.4492225014177128,0.9374263293947395,8088.6750785654,0.22739499435063337,0.21398361386329,0.0845906598553953,0.052605005649366765,0.09906590298668072,0.0554093401446048,1.12,1.12,1.12,1.12
0.4488119923937671,0.9586699204731974,8082.931676804934,0.19950389131353596,0.21371888316849108,0.08417091100778287,0.08049610868646417,0.09933063368147965,0.055829088992217224,1.12,1.12,1.12,1.12
0.43609796235846143,0.9996283056010196,8070.709045242323,0.19047009195537823,0.20187257491874,0.07863206512412144,0.08952990804462191,0.11117694193123073,0.06136793487587866,1.12,1.12,1.12,1.12
0.438603603500907,1.0208641961256362,8065.513015502229,0.17657299284344685,0.19079159467236262,0.07944827615067993,0.10342700715655329,0.12225792217760811,0.06055172384932017,1.12,1.12,1.12,1.12
0.43163229126894886,1.0557277466136779,8055.783330094715,0.16398950582869942,0.19413182271248286,0.07681274280838976,0.11601049417130072,0.11891769413748787,0.06318725719161034,1.12,1.12,1.12,1.12
0.4274706913377745,1.0822492779369395,8048.594719317195,0.16031491110632323,0.18029300474444687,0.07572277936454722,0.1196850888936769,0.13275651210552386,0.06427722063545288,1.12,1.12,1.12,1.12
0.4218860481331931,1.1184994974523583,8038.8755999188415,0.1631674420864634,0.17414948653971085,0.07262838928198953,0.11683255791353675,0.13890003031025988,0.06737161071801057,1.12,1.12,1.12,1.12
0.4277217537713284,1.1537631529313117,8030.989354007905,0.1324715411194265,0.14800167636125594,0.06645072761686724,0.14752845888057364,0.1650478404887148,0.07354927238313286,1.12,1.12,1.12,1.12
0.42387329232255877,1.191749554202542,8021.281704322462,0.13488016336785946,0.14473688298204546,0.05996987700091996,0.14511983663214068,0.16831263386792528,0.08003012299908013,1.12,1.12,1.12,1.12
0.4248650135712483,1.2219915206370329,8014.166515123554,0.1259670043786717,0.14268327718576534,0.060410003486424946,0.15403299562132844,0.1703662396642054,0.07958999651357515,1.12,1.12,1.12,1.12
0.4300974306848184,1.2539749020397015,8007.287901329566,0.11806230272712315,0.13216569929359445,0.06075395297052297,0.161937697272877,0.18088381755637628,0.07924604702947713,1.12,1.12,1.12,1.12
0.44020288563031573,1.2776533282691043,8003.123205984775,0.11337549371736122,0.13394059830732363,0.06598462979138245,0.16662450628263892,0.1791089185426471,0.07401537020861765,1.12,1.12,1.12,1.12
0.43863200962710647,1.3041915700898596,7996.687279758244,0.11405059634473413,0.15545597826759705,0.06744877519536843,0.165949403655266,0.15759353858237368,0.07255122480463166,1.12,1.12,1.12,1.12
0.43809598147079787,1.330230334105681,7990.546315020543,0.11930146750498238,0.15317263088668853,0.06871763360646496,0.16069853249501775,0.1598768859632822,0.07128236639353513,1.12,1.12,1.12,1.12
0.45612288677521784,1.359705159429212,7986.326195485039,0.1096852666322039,0.16782155270883403,0.07697600867907764,0.17031473336779623,0.1452279641411367,0.06302399132092246,1.12,1.12,1.12,1.12
0.4632357822005957,1.3910382385345899,7980.16608343854,0.11418483486881803,0.16276339165659737,0.07853634859264755,0.1658151651311821,0.15028612519337337,0.06146365140735255,1.12,1.12,1.12,1.12
0.46622270709934477,1.4160435122333386,7974.888543352502,0.11776977141541967,0.16646373628333633,0.07824009476371449,0.16223022858458047,0.1465857805666344,0.061759905236285606,1.12,1.12,1.12,1.12
0.4747324892126008,1.4356206122620545,7971.693549544858,0.12671415210254067,0.16870755627247158,0.08158421145972725,0.15328584789745947,0.14434196057749915,0.05841578854027285,1.12,1.12,1.12,1.12
0.4802979496551746,1.4892658155824572,7960.3778065305305,0.1560810098454105,0.18238621605449779,0.08083353707638216,0.12391899015458963,0.13066330079547295,0.059166462923617935,1.12,1.12,1.12,1.12
0.489590496751525,1.536215252990313,7951.225315553128,0.15819806635479006,0.17936500569294567,0.07488462258758424,0.12180193364521008,0.13368451115702507,0.06511537741241585,1.12,1.12,1.12,1.12
0.5071205374447689,1.5626875603342223,7947.978389686891,0.1668771953328515,0.16921071117881303,0.0791366165223176,0.11312280466714864,0.1438388056711577,0.0608633834776825,1.12,1.12,1.12,1.12
0.517934366682538,1.5977215732519916,7941.8376978621745,0.178421014145827,0.16177699264075507,0.07264536083175174,0.10157898585417313,0.15127252420921566,0.06735463916824835,1.12,1.12,1.12,1.12
0.523516816526486,1.6253223718959395,7936.575156362447,0.18627665984533215,0.16604384735976319,0.07292320379747161,0.09372334015466799,0.14700566949020755,0.06707679620252849,1.12,1.12,1.12,1.12
0.5474598468132288,1.6778892556226825,7928.691738502896,0.18715869381802153,0.14752672273929668,0.07065143131921028,0.09284130618197861,0.16552279411067405,0.06934856868078981,1.12,1.12,1.12,1.12
0.5540119120249336,1.7064596696343872,7923.434529887691,0.19435093963233785,0.1571818646497003,0.06684982960346911,0.08564906036766229,0.15586765220027043,0.07315017039653099,1.12,1.12,1.12,1.12
0.5855255703330413,1.7551293818006584,7917.749943180985,0.19179722532237842,0.13353998293639036,0.06236528688304366,0.08820277467762172,0.17950953391358038,0.07763471311695644,1.12,1.12,1.12,1.12
0.5945887726012018,1.7827722606012018,7913.15620397748,0.19726101897936232,0.1379012781173674,0.06285214616350707,0.08273898102063781,0.17514823873260332,0.07714785383649303,1.12,1.12,1.12,1.12
0.6161029214617555,1.8307084280217554,7906.163687062941,0.2062522943268702,0.13647710178815742,0.05984633851817622,0.07374770567312994,0.17657241506181331,0.08015366148182387,1.12,1.12,1.12,1.12
0.6315202097348186,1.8703458999748186,7900.0458585486185,0.1959027627502855,0.1462469607594732,0.060562237861885,0.08409723724971463,0.16680255609049754,0.0794377621381151,1.12,1.12,1.12,1.12
0.6424365138766959,1.8749437369796103,7900.812488344678,0.2066693459411374,0.1587098492658583,0.0702690904194748,0.07333065405886274,0.15433966758411244,0.0697309095805253,1.12,1.12,1.12,1.12
0.6673501195552101,1.9232167632526496,7894.419138540112,0.2103563936825844,0.1673764088018561,0.07160189913679346,0.06964360631741573,0.14567310804811462,0.06839810086320663,1.12,1.12,1.12,1.12
0.6734527458376307,1.9345838223805454,7892.960721219982,0.20859728273129907,0.1740543910703456,0.07787476424842107,0.07140271726870107,0.13899512577962514,0.06212523575157902,1.12,1.12,1.12,1.12
0.6983031302625633,1.985856225365478,7885.983366547705,0.21842393569802054,0.1846368452580467,0.08356761638335711,0.061576064301979594,0.12841267159192404,0.05643238361664299,1.12,1.12,1.12,1.12
0.7306214222351151,2.02954141602046,7881.917569903731,0.20788683971972743,0.17697468021113494,0.08221753543162055,0.0721131602802727,0.1360748366388358,0.057782464568379543,1.12,1.12,1.12,1.12
0.7493507308722795,2.072490908337624,7875.814893675914,0.20936937245063458,0.17660216220008995,0.08345230429754039,0.07063062754936555,0.13644735464988078,0.05654769570245971,1.12,1.12,1.12,1.12
0.7657677100709276,2.093311557296272,7874.083864330629,0.19230984321290012,0.18139611198984906,0.08120234940202017,0.08769015678710002,0.13165340486012167,0.05879765059797992,1.12,1.12,1.12,1.12
0.7939478279973546,2.147913693782699,7867.121369920454,0.19561523634042344,0.17055550314390078,0.07112906666528426,0.0843847636595767,0.14249401370606996,0.06887093333471583,1.12,1.12,1.12,1.12
0.8247869952222359,2.1729972204332357,7866.930610814734,0.16998704845616663,0.15907606839706823,0.07732331765837594,0.1100129515438335,0.1539734484529025,0.06267668234162416,1.12,1.12,1.12,1.12
0.863687803804781,2.2405218824557807,7859.112855182672,0.16804897889265147,0.1547513540051082,0.06716127545841008,0.11195102110734867,0.15829816284486253,0.07283872454159002,1.12,1.12,1.12,1.12
0.8809497789195833,2.2643617405527694,7856.965461604759,0.16494043843351436,0.15125413913798336,0.06623335294340685,0.11505956156648578,0.16179537771198738,0.07376664705659325,1.12,1.12,1.12,1.12
0.9183866922210235,2.313365256438117,7852.917052784711,0.15309872825203386,0.1405910245869293,0.060639853834978524,0.12690127174796628,0.17245849226304144,0.07936014616502157,1.12,1.12,1.12,1.12
0.95145909208599,2.36792619857699,7846.999565525732,0.1618695162481013,0.14889562124159772,0.058288292013875836,0.11813048375189883,0.164153895608373,0.08171170798612426,1.12,1.12,1.12,1.12
0.9655584445015037,2.4040438997925033,7841.779104385173,0.15828842349561578,0.15169810725629973,0.0623414244245967,0.12171157650438436,0.161351409593671,0.0776585755754034,1.12,1.12,1.12,1.12
0.9950261746258655,2.440117134556865,7839.20192941255,0.17005721085302394,0.16586225759418816,0.05730951404859036,0.1099427891469762,0.14718725925578258,0.08269048595140974,1.12,1.12,1.12,1.12
1.0299572944777937,2.4689725562948874,7839.102457080602,0.1578376697890761,0.16301693521465066,0.0702848827630744,0.12216233021092404,0.15003258163532007,0.0697151172369257,1.12,1.12,1.12,1.12
1.0759513133445577,2.509782766816527,7838.419472834912,0.1535810131083043,0.16703284698651166,0.07415294711620632,0.12641898689169584,0.14601666986345907,0.06584705288379378,1.12,1.12,1.12,1.12
1.1060858920246615,2.552033544136253,7834.736501386029,0.15015526021586212,0.16587806531128235,0.07098100964607731,0.12984473978413802,0.14717145153868838,0.06901899035392278,1.12,1.12,1.12,1.12
1.1272741189562052,2.5776254408277977,7833.024557031675,0.14133772282383872,0.1797504284788931,0.07289518498719263,0.13866227717616142,0.13329908837107762,0.06710481501280746,1.12,1.12,1.12,1.12
1.1595109665571575,2.6164677930687494,7830.4584585289585,0.15598926539978175,0.177050983179452,0.07549591305094602,0.12401073460021839,0.13599853367051873,0.06450408694905407,1.12,1.12,1.12,1.12
1.1922932228024725,2.6558555539540656,7827.89454166082,0.1474366369629977,0.18127285222051515,0.08014473631060107,0.13256336303700245,0.1317766646294556,0.05985526368939903,1.12,1.12,1.12,1.12
1.2298131545687805,2.68669389312878,7827.968041863718,0.12050135786048344,0.1802685568010889,0.0821482369705567,0.1594986421395167,0.13278096004888185,0.05785176302944339,1.12,1.12,1.12,1.12
1.2709061876585106,2.749881362970102,7821.920553102964,0.10805105554689376,0.17367670815896985,0.07821245233111393,0.17194894445310638,0.13937280869100088,0.06178754766888617,1.12,1.12,1.12,1.12
1.3097054204996614,2.7819990032196618,7821.999170510162,0.08351737857050356,0.1551869785386073,0.0772627812467295,0.19648262142949657,0.15786253831136343,0.0627372187532706,1.12,1.12,1.12,1.12
1.3605549950153926,2.828299465871188,7821.256353091821,0.06609691908719095,0.15558231446311677,0.07437369423339982,0.21390308091280918,0.15746720238685397,0.06562630576660028,1.12,1.12,1.12,1.12
1.3979303184443603,2.8680220662843596,7819.54523563782,0.040622409699898054,0.1416000121449612,0.07481359025763004,0.23937759030010208,0.17144950470500953,0.06518640974237006,1.12,1.12,1.12,1.12
1.4505158707417127,2.916058506717509,7818.809912112121,0.011441486146940405,0.14153000973596463,0.07258464288669361,0.26855851385305973,0.1715195071140061,0.06741535711330648,1.12,1.12,1.12,1.12
1.4876613961419343,2.95980953675773,7816.263448320602,-0.009013269589780326,0.1478320297605864,0.06899599024501632,0.28901326958978046,0.16521748708938433,0.07100400975498378,1.12,1.12,1.12,1.12
1.5268790617027386,3.0013744793027386,7814.559877465141,-0.013416239459723811,0.15233116737046348,0.06554713000716503,0.29341623945972395,0.16071834947950725,0.07445286999283507,1.12,1.12,1.12,1.12
1.565118267636542,3.046219189876542,7812.017788395756,-0.031727139426599105,0.15936069398648045,0.06263028826037378,0.31172713942659924,0.15368882286349028,0.07736971173962631,1.12,1.12,1.12,1.12
1.5995903193041046,3.1005838434156963,7806.8410643773295,-0.02191665056438763,0.1728912737754107,0.05902865465463836,0.30191665056438777,0.14015824307456004,0.08097134534536174,1.12,1.12,1.12,1.12
1.6311863800737232,3.118968894905316,7808.653261753029,-0.037388046198469915,0.1812184000882675,0.0721489767902316,0.31738804619847005,0.13183111676170323,0.06785102320976849,1.12,1.12,1.12,1.12
1.6528656140759956,3.1582010853189875,7804.365297734677,-0.03412911943147878,0.20475446388291174,0.07402729598379496,0.3141291194314789,0.10829505296705899,0.06597270401620514,1.12,1.12,1.12,1.12
1.6675295092342595,3.200282128057106,7798.2412185121075,-0.01976276521206166,0.24615225708831834,0.0734015472321973,0.2997627652120618,0.0668972597616524,0.0665984527678028,1.12,1.12,1.12,1.12
1.6762909943054891,3.2205980072829288,7795.588781661514,-0.014138998466878383,0.26108981929848096,0.08927876502551155,0.2941389984668785,0.05195969755148977,0.05072123497448855,1.12,1.12,1.12,1.12
1.6872868483723016,3.255823254786295,7790.246072879843,0.00013886547289954088,0.2874842927114265,0.09129951005763484,0.2798611345271006,0.02556522413854423,0.048700489942365255,1.12,1.12,1.12,1.12
1.699404638533551,3.304933492288434,7782.236439846872,0.015939383465511048,0.30799094941946614,0.09257966069324877,0.2640606165344891,0.00505856743050459,0.047420339306751325,1.12,1.12,1.12,1.12
1.722329581852712,3.3591265249318774,7775.118046340553,0.03622699897726478,0.31008536154191835,0.0850365503903592,0.24377300102273536,0.0029641553080523853,0.05496344960964089,1.12,1.12,1.12,1.12
1.7515148412006512,3.4214818645453806,7767.44750219526,0.021016554925763042,0.3090371311022386,0.08463500966348,0.2589834450742371,0.004012385747732106,0.05536499033652009,1.12,1.12,1.12,1.12
1.7716736353366194,3.497308665873647,7755.414448545432,0.06120846386916867,0.30404337228160006,0.07422648507490279,0.21879153613083147,0.009006144568370678,0.06577351492509731,1.12,1.12,1.12,1.12
1.8046395844468985,3.5721094777039246,7745.903933786662,0.07186031330208897,0.3054932179576053,0.0664565623343796,0.20813968669791116,0.007556298892365421,0.07354343766562049,1.12,1.12,1.12,1.12
1.8375996537587713,3.6350384293488576,7738.854591733731,0.07745441453048663,0.29456373746774256,0.05989589099988937,0.2025455854695135,0.018485779382228174,0.08010410900011072,1.12,1.12,1.12,1.12
1.8791292865702707,3.7282603170568946,7727.1468731343875,0.10330696667297246,0.28618471209326546,0.043906275832040514,0.17669303332702768,0.026864804756705274,0.09609372416795958,1.12,1.12,1.12,1.12
1.8925170245473972,3.7883194864825676,7717.247575369424,0.11631977748126432,0.29774276046800785,0.040419224933862574,0.16368022251873582,0.015306756381962883,0.09958077506613752,1.12,1.12,1.12,1.12
1.9296814560354871,3.8661867531920144,7707.960748999081,0.12919594613672414,0.2887198378303679,0.03763167248759844,0.150804053863276,0.024329679019602812,0.10236832751240166,1.12,1.12,1.12,1.12
1.9439770726232062,3.927020339716126,7698.106215174459,0.1516677918674728,0.30134227772277034,0.026708147759280043,0.12833220813252733,0.011707239127200397,0.11329185224072005,1.12,1.12,1.12,1.12
1.9700996305997434,3.9751612464926644,7692.949178434748,0.1558093984922181,0.3054272874711004,0.06312350902263683,0.12419060150778205,0.00762222937887036,0.07687649097736327,1.12,1.12,1.12,1.12
1.9813298296651967,4.006207959478117,7688.6316481019585,0.16683842814683258,0.2960757124840667,0.06680305576186277,0.11316157185316755,0.01697380436590401,0.07319694423813733,1.12,1.12,1.12,1.12
2.000740099474225,4.053943833564606,7682.381753483313,0.16698697011488106,0.2981155116718548,0.0710048519928462,0.11301302988511908,0.014934005178115939,0.0689951480071539,1.12,1.12,1.12,1.12
2.019470399193489,4.08618339172641,7679.163141125507,0.18008580045836775,0.29439252562333884,0.07362051728533256,0.09991419954163239,0.01865699122663189,0.06637948271466754,1.12,1.12,1.12,1.12
2.042900412692151,4.1492464330650725,7670.537049402081,0.19852759428255495,0.3014321195183516,0.08159577479031946,0.08147240571744518,0.01161739733161915,0.05840422520968064,1.12,1.12,1.12,1.12
2.066815233874693,4.2127942820876125,7661.915805755492,0.20417970261271778,0.3089565210972427,0.0794162381245446,0.07582029738728235,0.004092995752728035,0.0605837618754555,1.12,1.12,1.12,1.12
2.1069556350989833,4.294769546031904,7652.464024644136,0.23528049733755385,0.3083896925514198,0.07013230442518062,0.04471950266244629,0.004659824298550941,0.06986769557481948,1.12,1.12,1.12,1.12
2.1478838488095775,4.377532622462497,7643.018303628827,0.24031061792271446,0.3103822114263781,0.061368092155942466,0.03968938207728567,0.002667305423592614,0.07863190784405763,1.12,1.12,1.12,1.12
2.206807940356257,4.441907054324817,7640.487836300493,0.2476190632959817,0.2848156448752184,0.05070615780438115,0.032380936704018426,0.028233871974752356,0.08929384219561895,1.12,1.12,1.12,1.12
2.2457037027519022,4.546210883638526,7626.39380344155,0.28324196143642,0.3031425559683616,0.043435576060258246,-0.00324196143641986,0.00990696088160914,0.09656442393974185,1.12,1.12,1.12,1.12
2.2725114153145007,4.612651624041125,7617.79749401021,0.3050614543245437,0.31223339657883753,0.019846481738255345,-0.02506145432454354,0.0008161202711332027,0.12015351826174475,1.12,1.12,1.12,1.12
2.2935595013155146,4.645860666665602,7614.860267516239,0.310140376455868,0.3112958565621966,0.04229447228794747,-0.030140376455867868,0.001753660287774128,0.09770552771205263,1.12,1.12,1.12,1.12
2.326387283614106,4.712572778151133,7607.297702311743,0.3067661172334898,0.3168014751996393,0.027224450547892548,-0.02676611723348965,-0.0037519583496685716,0.11277554945210755,1.12,1.12,1.12,1.12
2.3476133609524346,4.745272159234993,7604.5048733997,0.3173686145300957,0.3144809259236745,0.020693213796491278,-0.037368614530095545,-0.00143140907370376,0.11930678620350882,1.12,1.12,1.12,1.12
2.352167624816062,4.7443364888007915,7605.498335379671,0.3095510991915992,0.30926651646807035,0.019467452191061052,-0.02955109919159904,0.003783000381900381,0.12053254780893904,1.12,1.12,1.12,1.12
2.3662571717070184,4.739897452852803,7608.883506547412,0.28914636836017216,0.2923108106601522,0.0157929258605303,-0.00914636836017202,0.020738706189818545,0.1242070741394698,1.12,1.12,1.12,1.12
2.356683205076912,4.7306524319517935,7609.039528715684,0.28676119999473315,0.2965612497746042,0.018562103083092307,-0.006761199994733014,0.016488267075366547,0.12143789691690779,1.12,1.12,1.12,1.12
2.3773981439301792,4.713974441797797,7616.058962257985,0.2573045253104159,0.2659374806348238,0.013679697899433185,0.022695474689584216,0.047112036215146924,0.1263203021005669,1.12,1.12,1.12,1.12
2.384980164594528,4.7147970099773735,7617.240745481928,0.24507201989063787,0.25884993592325123,0.15836012039196248,0.03492798010936227,0.054199580926719504,-0.018360120391962387,1.12,1.12,1.12,1.12
2.384980164594528,4.7147970099773735,7617.240745481928,0.2301630401537874,0.2576471572172896,0.17272377616066445,0.049836959846212725,0.05540235963268114,-0.03272377616066435,1.12,1.12,1.12,1.12
2.378216287287487,4.682817819970479,7622.460756957733,0.20636743522511114,0.24594433858217157,0.20649698842569528,0.073632564774889,0.06710517826779916,-0.06649698842569518,1.12,1.12,1.12,1.12
2.395103025770561,4.706371785722154,7620.732271558674,0.1936440945520993,0.2439572676754327,0.22104811727834903,0.08635590544790084,0.06909224917453805,-0.08104811727834893,1.12,1.12,1.12,1.12
2.4167964459689415,4.703623492184739,7625.146743116233,0.179255172174125,0.21990368998129295,0.22157859452210957,0.10074482782587513,0.09314582686867778,-0.08157859452210947,1.12,1.12,1.12,1.12
2.4337839607658607,4.722812841861657,7624.316344544381,0.16972200277390026,0.21543312573274975,0.19300789688071437,0.11027799722609988,0.09761639111722098,-0.05300789688071428,1.12,1.12,1.12,1.12
2.470660803351915,4.737449805591914,7627.952931156632,0.1489028146453487,0.1881501463398907,0.20336382263555222,0.13109718535465142,0.12489937051008004,-0.06336382263555213,1.12,1.12,1.12,1.12
2.5056283075066816,4.763669060522253,7628.927069050642,0.12930494995550834,0.16962760164084512,0.1908040601017614,0.1506950500444918,0.14342191520912562,-0.050804060101761306,1.12,1.12,1.12,1.12
2.5605021495580456,4.818961124703808,7627.62185017855,0.12033063635835584,0.14917432432399225,0.16403817649442645,0.1596693636416443,0.16387519252597849,-0.024038176494426355,1.12,1.12,1.12,1.12
2.5953839206090583,4.859971087969059,7625.620448170642,0.12169379665450275,0.1398919749802061,0.15105786494304405,0.1583062033454974,0.17315754186976462,-0.011057864943043949,1.12,1.12,1.12,1.12
2.6135588310853164,4.867195914340888,7627.426297573496,0.10914917738566265,0.12721791143025674,0.14547562260459615,0.17085082261433748,0.185831605419714,-0.005475622604596053,1.12,1.12,1.12,1.12
2.6517023590156397,4.905280351975638,7626.608468204933,0.0996850289277672,0.11379342408037929,0.1319655788595375,0.18031497107223293,0.19925609276959144,0.0080344211404626,1.12,1.12,1.12,1.12
2.669470139293613,4.925249967133612,7625.7811906950055,0.09690388724587651,0.10892012953074781,0.12520802688736724,0.18309611275412363,0.20412938731922292,0.014791973112632861,1.12,1.12,1.12,1.12
2.6683285902418934,4.937395694858492,7623.132099662132,0.09733251785650388,0.11681575575216474,0.12396955786171857,0.18266748214349626,0.196233761097806,0.01603044213828153,1.12,1.12,1.12,1.12
2.6683285902418934,4.937395694858492,7623.132099662132,0.09733251785650388,0.11681575575216474,0.12232129721658089,0.18266748214349626,0.196233761097806,0.01767870278341921,1.12,1.12,1.12,1.12
2.6683285902418934,4.937395694858492,7623.132099662132,0.09450947126954834,0.11681575575216474,0.12741209614241353,0.1854905287304518,0.196233761097806,0.012587903857586569,1.12,1.12,1.12,1.12
2.6700002899073376,4.934808987323134,7623.952788251235,0.09935625228872003,0.11383418764458453,0.11974644886441746,0.1806437477112801,0.1992153292053862,0.020253551135582637,1.12,1.12,1.12,1.12
2.6700002899073376,4.934808987323134,7623.952788251235,0.08813910201339847,0.11383418764458453,0.12404479426255896,0.19186089798660166,0.1992153292053862,0.015955205737441136,1.12,1.12,1.12,1.12
2.6700002899073376,4.934808987323134,7623.952788251235,0.09569517851707066,0.11383418764458453,0.12106704306239977,0.18430482148292948,0.1992153292053862,0.01893295693760033,1.12,1.12,1.12,1.12
2.6677426417360697,4.945907790536069,7621.314728240706,0.09628190933804714,0.122181424932305,0.11862573574635268,0.183718090661953,0.19086809191766574,0.021374264253647413,1.12,1.12,1.12,1.12
2.6677426417360697,4.945907790536069,7621.314728240706,0.10386965695282879,0.122181424932305,0.11694082311225676,0.17613034304717134,0.19086809191766574,0.023059176887743338,1.12,1.12,1.12,1.12
2.6649587927891307,4.956411038820724,7618.703275865881,0.10444099656811967,0.1353674188274625,0.11432481851533202,0.17555900343188047,0.17768209802250823,0.025675181484668075,1.12,1.12,1.12,1.12
2.6649587927891307,4.956411038820724,7618.703275865881,0.11205976538150175,0.13071561780914775,0.10939130124170712,0.16794023461849839,0.18233389904082298,0.030608698758292974,1.12,1.12,1.12,1.12
2.6649587927891307,4.956411038820724,7618.703275865881,0.10444099656811967,0.13071561780914775,0.11203412718396347,0.17555900343188047,0.18233389904082298,0.02796587281603663,1.12,1.12,1.12,1.12
2.6649587927891307,4.956411038820724,7618.703275865881,0.11205976538150175,0.13458710664198592,0.10073617915250291,0.16794023461849839,0.1784624102079848,0.03926382084749719,1.12,1.12,1.12,1.12
2.6649587927891307,4.956411038820724,7618.703275865881,0.10444099656811967,0.13458710664198592,0.10468955821602047,0.17555900343188047,0.1784624102079848,0.03531044178397963,1.12,1.12,1.12,1.12
2.6649587927891307,4.956411038820724,7618.703275865881,0.11205976538150175,0.13458710664198592,0.10053054916606877,0.16794023461849839,0.1784624102079848,0.03946945083393133,1.12,1.12,1.12,1.12
2.6649587927891307,4.956411038820724,7618.703275865881,0.11205976538150175,0.13458710664198592,0.09832908282747202,0.16794023461849839,0.1784624102079848,0.04167091717252808,1.12,1.12,1.12,1.12
2.6649587927891307,4.956411038820724,7618.703275865881,0.10444099656811967,0.13458710664198592,0.09200623100510277,0.17555900343188047,0.1784624102079848,0.04799376899489732,1.12,1.12,1.12,1.12
2.6649587927891307,4.956411038820724,7618.703275865881,0.11205976538150175,0.13458710664198592,0.09377918197183036,0.16794023461849839,0.1784624102079848,0.04622081802816974,1.12,1.12,1.12,1.12
2.6649587927891307,4.956411038820724,7618.703275865881,0.11205976538150175,0.13458710664198592,0.09081513431741864,0.16794023461849839,0.1784624102079848,0.04918486568258146,1.12,1.12,1.12,1.12
2.6649587927891307,4.956411038820724,7618.703275865881,0.10444099656811967,0.13485334311202246,0.08344293901781721,0.17555900343188047,0.17819617373794827,0.05655706098218288,1.12,1.12,1.12,1.12
2.6649587927891307,4.956411038820724,7618.703275865881,0.11205976538150175,0.13355630729464973,0.08344293901781721,0.16794023461849839,0.179493209555321,0.05655706098218288,1.12,1.12,1.12,1.12
2.6649587927891307,4.956411038820724,7618.703275865881,0.10444099656811967,0.13385910086127084,0.08024994807159516,0.17555900343188047,0.1791904159886999,0.059750051928404935,1.12,1.12,1.12,1.12
2.6649587927891307,4.956411038820724,7618.703275865881,0.11205976538150175,0.13355630729464973,0.07705879202177832,0.16794023461849839,0.179493209555321,0.06294120797822178,1.12,1.12,1.12,1.12
2.6649587927891307,4.956411038820724,7618.703275865881,0.11205976538150175,0.13355630729464973,0.07038420596921949,0.16794023461849839,0.179493209555321,0.06961579403078061,1.12,1.12,1.12,1.12
2.6649587927891307,4.956411038820724,7618.703275865881,0.11574837583602848,0.13355630729464973,0.071307089189339,0.16425162416397165,0.179493209555321,0.06869291081066109,1.12,1.12,1.12,1.12
2.6649587927891307,4.956411038820724,7618.703275865881,0.10820502630616913,0.13355630729464973,0.06821263423579063,0.171794973693831,0.179493209555321,0.07178736576420947,1.12,1.12,1.12,1.12
4.556282891298669,7.067918625330262,7540.164167424467,0.11848327468449016,0.15952783371007495,0.07661293837539626,0.16151672531550998,0.15352168313989578,0.06338706162460384,1.12,1.12,1.12,1.12
2.6649587927891307,4.956411038820724,7618.703275865881,0.11205976538150175,0.13355630729464973,0.06262243164136877,0.16794023461849839,0.179493209555321,0.07737756835863133,1.12,1.12,1.12,1.12
2.6649587927891307,4.956411038820724,7618.703275865881,0.10444099656811967,0.13355630729464973,0.05535980664510351,0.17555900343188047,0.179493209555321,0.08464019335489659,1.12,1.12,1.12,1.12
2.6677426417360697,4.945907790536069,7621.314728240706,0.09628190933804714,0.12500332124153002,0.05316783417081908,0.183718090661953,0.1880461956084407,0.08683216582918102,1.12,1.12,1.12,1.12
2.6700002899073376,4.934808987323134,7623.952788251235,0.09569517851707066,0.11694331769562138,0.049760828400766455,0.18430482148292948,0.19610619915434935,0.09023917159923364,1.12,1.12,1.12,1.12
2.6700002899073376,4.934808987323134,7623.952788251235,0.09569517851707066,0.12013627398815219,0.04809636434038836,0.18430482148292948,0.19291324286181855,0.09190363565961174,1.12,1.12,1.12,1.12
2.6700002899073376,4.934808987323134,7623.952788251235,0.09569517851707066,0.12013627398815219,0.04142253849323252,0.18430482148292948,0.19291324286181855,0.09857746150676758,1.12,1.12,1.12,1.12
2.6700002899073376,4.934808987323134,7623.952788251235,0.08813910201339847,0.12013627398815219,0.03412953289050047,0.19186089798660166,0.19291324286181855,0.10587046710949963,1.12,1.12,1.12,1.12
2.6700002899073376,4.934808987323134,7623.952788251235,0.09569517851707066,0.12013627398815219,0.03818894118344973,0.18430482148292948,0.19291324286181855,0.10181105881655036,1.12,1.12,1.12,1.12
2.6700002899073376,4.934808987323134,7623.952788251235,0.09569517851707066,0.12013627398815219,0.03331969787148986,0.18430482148292948,0.19291324286181855,0.10668030212851023,1.12,1.12,1.12,1.12
2.6700002899073376,4.934808987323134,7623.952788251235,0.09569517851707066,0.12013627398815219,0.03435551210004262,0.18430482148292948,0.19291324286181855,0.10564448789995748,1.12,1.12,1.12,1.12
2.6700002899073376,4.934808987323134,7623.952788251235,0.09569517851707066,0.12013627398815219,0.027613708932853365,0.18430482148292948,0.19291324286181855,0.11238629106714673,1.12,1.12,1.12,1.12
2.6700002899073376,4.934808987323134,7623.952788251235,0.09569517851707066,0.11852543039286689,0.027613708932853365,0.18430482148292948,0.19452408645710384,0.11238629106714673,1.12,1.12,1.12,1.12
2.6700002899073376,4.934808987323134,7623.952788251235,0.09569517851707066,0.11852543039286689,0.026375699815047532,0.18430482148292948,0.19452408645710384,0.11362430018495256,1.12,1.12,1.12,1.12
2.6700002899073376,4.934808987323134,7623.952788251235,0.08813910201339847,0.11852543039286689,0.022747694680251312,0.19186089798660166,0.19452408645710384,0.11725230531974878,1.12,1.12,1.12,1.12
